Ö¸±êÃû³Æ,activity,time,request,death,size,feedback,issue,quality,act_final,health,stars,month,contributor,fork
AdguardTeam_AdguardFilters,4,7.48,7.9,1.62,3,3.47,8.3,2.29,6.24,4.91,2479,99,1111,1015
airbytehq_airbyte,10,7.94,7.09,1.56,3,10,7.61,6.8,8.14,8,10503,32,3526,3070
alibaba_nacos,1.98,3.97,7.48,0.34,3,10,7.31,3.43,4.43,5.82,28198,58,1189,13411
angular_angular,2.57,6.87,2.36,0.2,4,9.57,6.86,5.72,3.91,6.18,104309,99,5380,33355
angular_components,1.09,4.98,5.69,0.34,3,6.46,7.21,5.34,3.87,5.5,27467,87,1929,9571
ankidroid_Anki-Android,3.96,4.61,7.7,0.61,3,6.57,6.61,6.05,5.34,6.05,6563,99,1095,2362
ansible_ansible,2.41,6.75,4.64,0.1,4,6.72,5.43,4.84,4.59,5.26,54395,99,9604,28300
ant-design_ant-design,1.17,6.63,8.01,1.15,4,10,6.38,4.59,5.12,6.19,108088,96,4780,49394
apache_airflow,6.65,7.59,5.25,0.11,3,10,6.31,6.67,6.48,7.21,31562,94,6369,14991
apache_apisix,5.2,5.13,8.07,0.21,3,10,7.14,7.62,6.11,7.55,12188,47,1058,2669
apache_arrow,9.8,6.5,3.32,1.63,3,9.32,3.81,8.83,6.32,7.17,11955,86,3216,3333
apache_beam,10,5.82,4.75,0.12,3,5.99,6,7.83,6.84,6.8,7201,86,5688,4727
apache_dolphinscheduler,5,5.48,8.08,0.2,3,10,7.25,4.4,6.16,6.62,11110,49,1566,4760
apache_doris,8.12,4.98,7.84,3.24,3,10,8.83,5.35,6.55,7.34,8441,68,2274,2581
apache_flink,10,5.7,3.35,0,3,10,3.13,8.25,6.35,7.01,22628,99,5766,14257
apache_hudi,7.55,6.44,6.97,3.42,3,6.09,5.28,8.81,6.53,6.88,4381,76,1766,2216
apache_iceberg,7.51,5.07,6.05,0.75,3,5.45,6.6,10,6.11,7.24,4244,53,1333,1670
apache_pulsar,8.04,6.35,6.4,1.52,3,10,6.68,6.07,6.73,7.18,13438,79,3077,3884
apache_shardingsphere,4.31,5.65,9.8,1.84,3,10,7.01,3.5,6.34,6.35,19581,87,1984,7507
apache_spark,10,10,4.08,0,3,10,0,10,8.03,7.41,38638,99,8197,31806
apache_superset,3.58,7.44,6.25,0.86,3,10,6.9,4.89,5.64,6.54,55405,93,3069,12817
apache_tvm,8.05,6.17,6.94,0,3,8.15,6.19,7.84,7.05,7.34,9810,68,3593,3715
apple_swift,10,8.07,5.69,0,3,10,6.13,5.13,7.92,7.14,74267,88,7770,14684
appsmithorg_appsmith,10,6.69,6.2,0.61,3,10,7.5,5.79,7.55,7.5,25367,33,2279,2505
archway-network_testnets,1.67,0.95,2.92,8.46,4,10,1.84,1.92,0.72,3.16,296,13,6,13575
ArduPilot_ardupilot,5.69,5.84,4.05,0,3,9.31,6.58,5.14,5.19,6.28,8248,99,3264,16687
argoproj_argo-cd,2.15,5.67,6.34,2.26,3,7.16,7.5,4.93,4.42,5.74,12709,62,1990,4192
AUTOMATIC1111_stable-diffusion-webui,2.02,10,7.51,1.25,4,10,5.42,3.43,6.34,6.02,54472,8,538,10257
Automattic_jetpack,9.19,5.78,6.47,0,3,1.67,6.89,5.22,7.15,5.42,1517,99,7160,963
Automattic_wp-calypso,10,8.21,7.76,0,3,3.58,6.82,5.94,8.66,6.46,13958,89,12387,2767
aws-amplify_amplify-cli,2.43,4.51,6.58,0,3,2.21,7.12,5.54,4.51,4.88,2881,56,1371,967
aws_aws-cdk,3.74,7.03,4.49,0.35,3,4.32,6.87,7.23,5.04,5.92,10362,57,4043,3933
azerothcore_azerothcore-wotlk,5.2,5.02,6.64,0.12,3,5.62,6.89,4.5,5.6,5.53,3414,82,1512,2843
Azure_azure-cli,2.21,4.78,7.8,0.62,3,2.44,6.45,6.84,4.85,5.28,3929,81,3629,3139
Azure_azure-powershell,5.31,4.35,7.62,0,3,2.72,6.8,6.05,5.76,5.45,3892,99,6447,4586
Azure_azure-rest-api-specs,6.9,5.42,6.81,1.2,3,2.6,6.18,6.72,6.22,5.64,2217,92,11584,6357
Azure_azure-sdk-for-java,8.34,5.21,6.96,3.43,3,2.94,7.21,6.15,6.38,5.79,1867,99,3390,1954
Azure_azure-sdk-for-js,9.56,5.27,5.75,1.07,3,3.39,7.12,6.43,6.72,6.05,1741,56,2372,1129
Azure_azure-sdk-for-net,6.43,4.62,7.81,0.3,3,3.2,7.01,7.09,6.25,6.04,4612,99,6161,5051
Azure_azure-sdk-for-python,6.77,4.6,5.54,2.73,3,3.7,6.17,4.94,5.27,5.04,3815,99,3101,2578
backstage_backstage,9.43,5.8,9,0,3,10,6.56,5.99,8.08,7.53,22058,37,3562,4677
bevyengine_bevy,6.75,6.24,3.28,0,3,10,6.48,7.51,5.42,7.18,25909,34,2223,3264
bioconda_bioconda-recipes,9.21,5.41,5.74,0.33,3,2.6,5.61,3.32,6.74,4.66,1652,91,11032,4567
bitcoin_bitcoin,5.78,8.8,6.24,0,3,10,5.78,8.9,6.94,7.91,73316,99,3714,31782
bitnami_charts,3.8,4.8,8.68,4.82,3,6.57,4.83,4.65,5.12,5.21,7153,85,3292,9698
brave_brave-browser,2.08,7.33,7.49,0.66,3,4.77,8.7,3.62,5.55,5.44,17704,61,973,2411
brave_brave-core,10,6.78,6.54,0.16,2,3.95,3.13,7.03,7.75,5.85,2297,61,3430,954
ccxt_ccxt,2.4,5.75,6.62,0.14,3,10,6.74,3.79,4.9,5.96,30688,71,1670,8231
ceph_ceph,10,7.51,4.56,0,3,4.73,0,5.95,7.36,4.94,12551,99,11314,6573
Chia-Network_chia-blockchain,1.74,9.1,7,9,4,5.13,6.12,4.64,4.75,5.07,12942,40,1272,2405
cilium_cilium,10,6.85,6.95,2.12,3,10,6.84,6.74,7.65,7.68,15321,80,3107,2544
CleverRaven_Cataclysm-DDA,6.39,8.27,6.11,0,3,3.39,6.92,4.57,6.92,5.51,9153,99,6855,5420
ClickHouse_ClickHouse,5.53,6.91,6.75,0.98,3,8.9,7.22,4.38,6.27,6.42,30104,82,5624,6734
cloudflare_cloudflare-docs,9.46,4.12,7.36,0.32,3,5.79,7.19,5.21,6.94,6.24,1943,31,2512,2478
cms-sw_cmssw,10,6.79,8.31,0,3,1.97,3.34,5.64,8.37,5.26,934,99,9752,3558
cockroachdb_cockroach,10,6.24,7.84,0.2,3,10,6.87,4.46,8,7.11,26914,99,6142,4151
conan-io_conan-center-index,7.55,6.99,7.68,0,3,2.22,6.38,6.92,7.41,6.02,764,43,2528,1653
conda-forge_staged-recipes,8.03,6.54,7.46,0.66,3,2.39,5.66,6.63,7.26,5.78,689,91,9126,5640
containers_podman,4.69,5.64,8.82,0.92,3,5.4,4.92,6.3,6.26,5.83,18436,65,1959,2389
coolsnowwolf_lede,1.16,8.23,5.72,2.09,3,10,7.29,2.06,4.76,5.5,29853,67,815,44354
cypress-io_cypress,1.84,6.37,4.95,3.2,3,7.35,7.98,5.56,3.96,5.92,46110,97,2062,3897
darktable-org_darktable,5.06,6.25,6.89,3.84,3,6.1,6.2,4.27,5.55,5.41,7680,99,2462,1401
DataDog_datadog-agent,10,5.39,5.75,0.3,3,2.65,6.51,6.55,7.01,5.9,2170,67,4822,1225
dbeaver_dbeaver,1.38,5.59,8.62,0.44,3,6.87,7.91,3.89,5.14,5.66,33304,90,1014,3552
DefinitelyTyped_DefinitelyTyped,4.03,6.25,7.44,0,3,5.77,6.26,4.12,5.91,5.42,43783,99,29050,42350
demisto_content,10,5.08,6.76,1,3,2.54,3.41,6.02,7.15,5.14,973,80,6704,1770
denoland_deno,3.46,8.98,7.02,1.86,3,10,7.1,5.57,6.24,6.96,94625,59,1917,6794
department-of-veterans-affairs_va.gov-team,6.59,4.56,5.94,1.86,3,3.07,8.56,4.48,5.45,5.31,312,59,4581,233
desktop_desktop,1.26,6.04,5.46,0,3,7.4,6.95,4.95,4.25,5.63,27189,71,1077,9569
directus_directus,2.17,4.84,7.79,3.94,3,10,6.92,2.79,4.41,5.54,22078,99,1220,3444
docker_docs,3.95,3.62,6,0.13,3,5.17,7.67,3.39,4.51,4.94,4271,79,3774,8315
dotnet_aspnetcore,2.1,6.26,6.33,1.92,4,4.89,7.14,5.62,4.64,5.48,33529,99,3480,11383
dotnet_AspNetCore.Docs,4.25,5.69,8.89,0.41,3,10,7.47,4.7,6.22,6.77,13438,98,3910,32411
dotnet_docs,4.62,4.03,8.19,2.11,3,4.58,7.51,4.64,5.33,5.41,4248,95,6004,8071
dotnet_efcore,2.12,5.3,7.99,0,3,3.75,8.07,5.8,5.14,5.65,12945,99,2056,4169
dotnet_maui,3.47,7.02,5.68,2.29,3,10,7.23,3.57,5.08,6.04,21270,35,1025,1552
dotnet_roslyn,6.9,6.09,5.25,0,3,3.97,7.05,9.85,6.08,6.98,19788,99,4845,5669
dotnet_runtime,5.54,8.79,6.61,0,3,2.98,6.67,8.87,6.98,6.68,12860,41,5629,4875
education_GitHubGraduation-2022,5.69,6,4.94,9.09,4,4.44,4.41,2.67,4.33,3.87,1645,11,5324,7960
elastic_elasticsearch,6.45,7.79,6.83,0,3,9.13,5.86,6.24,7.02,6.98,62531,99,8187,27372
elastic_kibana,6.22,7.1,7.41,0,3,3.23,6.58,5.45,6.91,5.67,17564,99,10492,8828
electron_electron,1.24,7.64,7.22,0,3,10,6.97,4.32,5.37,6.3,117969,99,4181,20747
element-fi_elf-council-frontend,2.06,0.33,4.63,2.22,4,9.58,3.64,0,2.04,3.26,150,9,15,117
element-plus_element-plus,3.26,5.74,6.66,0,3,10,6.22,4.16,5.22,6.06,20515,32,1446,9757
elementor_elementor,1.84,5.2,6.25,0.48,3,2.64,7.63,5.8,4.37,5.11,5656,83,1141,1594
envoyproxy_envoy,7.09,6.85,6.74,0.63,3,7.89,6.68,10,6.81,7.96,22723,79,4387,4806
espressif_esp-idf,2.89,6.95,3.27,0.5,3,4.97,7,2.8,4.3,4.52,11075,80,4319,7852
ethereum_ethereum-org-website,4.73,2.89,7.78,1.11,3,8.3,7.06,4.66,4.99,5.97,4319,54,2136,4406
Expensify_App,9.32,5.59,7.21,0,3,2.19,4.82,7.07,7.37,5.73,886,28,2104,961
expo_expo,1.86,7.08,4.69,1.12,3,7.01,7.11,4.67,4.39,5.54,21308,80,3357,5093
facebook_react,1.29,9.88,5.77,0,3,10,6.47,5.14,5.65,6.53,228316,97,3091,59469
facebook_react-native,2.23,8.69,3.31,0,4,6.86,6.58,3.01,4.74,5.01,126766,97,8211,31878
filecoin-project_filecoin-plus-large-datasets,1.48,3.6,5.29,1.3,3,1.69,6.04,1.01,3.28,2.83,144,23,15,79
files-community_Files,2.29,6.62,9.43,2.94,3,10,7.05,4.26,5.72,6.4,29405,51,863,2615
firebase_firebase-android-sdk,6.48,3.94,7.59,0,3,3.26,4.02,7.23,6,5.42,2191,55,1462,599
firebase_flutterfire,2.07,4.5,5.09,0.23,3,4.26,6.34,4.85,3.86,4.73,8535,44,1042,4607
firstcontributions_first-contributions,4.67,7.93,7.47,2.53,4,8.53,4.22,1.36,6.35,4.86,37123,79,50383,77199
flathub_flathub,2.12,4.69,4.06,0.14,3,3.05,4.79,10,3.6,5.65,998,72,65,2251
flutter_engine,10,5.27,8.63,0,3,8.09,5.49,3.6,7.97,6.19,7080,93,3459,6562
flutter_flutter,1.6,10,6.88,3.61,4,10,6.97,5.74,5.68,6.82,175206,97,5491,34218
flutter_plugins,5.19,5.03,5.16,0.14,3,10,1.89,6.24,5.11,5.78,18300,72,1554,12241
flybywiresim_a32nx,3.62,7.13,6.35,0.94,3,4.49,6.34,5.95,5.57,5.62,5331,32,1094,1605
freddier_hyperblog,0.64,6.42,0.48,0.21,3,10,10,0.11,2.49,4.78,10111,48,304,16332
gatsbyjs_gatsby,3.2,7.2,6.82,2.84,4,10,6.72,4.47,5.36,6.29,60433,95,9749,16236
gentoo_gentoo,10,9.95,3.99,0,3,2.19,0,3.01,7.98,3.74,2237,92,16190,3344
getsentry_sentry,9.02,5.47,6.91,0,3,9.89,6.99,5.6,7.13,7.2,30303,99,4829,4046
github_codeql,10,4.82,5.28,0,3,5.36,5.79,7.56,6.7,6.51,6327,57,2457,1471
github_docs,4.21,8.79,5.26,0,3,10,6.12,2.49,6.09,5.8,17148,30,3577,62071
gitpod-io_gitpod,4.99,5.47,6.82,1.67,3,6.82,7.99,4.49,5.54,5.97,10749,60,1118,1325
go-gitea_gitea,3.05,9.24,7.24,0,3,8.47,6.82,6.33,6.51,6.91,38014,77,2345,6552
godotengine_godot,2.82,9.2,4.69,1.01,4,6,7.02,4.21,5.44,5.5,64324,99,7660,15412
golang_go,2.33,8.28,5.34,0,3,7.85,7,1.65,5.32,5.06,122616,99,7511,21678
google-test_signclav2-probe-repo,2.75,10,5.57,0,1,1.71,0,2.5,6.11,2.92,0,19,18,19
google_it-cert-automation-practice,1.17,10,0.26,0.26,4,7.38,3.26,2.5,3.78,4.01,800,39,2,42805
GoogleChrome_developer.chrome.com,8.16,4.39,7.55,0,3,4.64,7.33,5.94,6.7,6.19,1437,28,1530,1391
gradle_gradle,4.95,7.14,5.49,1.01,3,6.6,6.88,6.71,5.73,6.43,14179,99,3723,4610
grafana_grafana,2.83,6.82,6.34,0,3,5.42,7.37,5.47,5.33,5.8,54843,99,8182,13180
grafana_loki,3.91,5.28,7.12,0,3,10,7.11,5.97,5.44,6.85,18944,52,2098,3168
gravitational_teleport,9.07,4.37,8.21,0.82,3,10,7.57,6.74,7.11,7.67,14767,85,2583,1775
grpc_grpc,5.49,5.96,5.04,0,3,10,6.84,5.12,5.5,6.55,40780,98,3970,12452
hashicorp_terraform-provider-aws,1.5,4.16,3.77,0,3,2.83,7.12,4.59,3.14,4.31,8908,70,4993,9115
hashicorp_terraform-provider-azurerm,2.16,3.97,5.95,0.14,3,2.69,7.17,6.62,4.01,5.16,4305,70,3769,4829
hashicorp_vault,6.11,4.87,6.1,0,3,8.27,7.04,5.82,5.69,6.52,29746,96,5697,4797
helium_denylist,1.6,3.54,6.9,3.33,3,10,10,5.07,3.57,6.59,318,15,19,246
helix-editor_helix,6.19,6.53,7.54,0.43,3,10,6.9,6.79,6.7,7.43,21033,23,1154,1834
home-assistant_core,2.23,9.97,7.27,2.12,4,5.48,6.46,7.55,6.21,6.52,63172,99,11488,30780
home-assistant_frontend,2.38,4.78,8.12,2.9,3,4.02,6.76,5.64,4.71,5.26,3298,93,1601,2641
home-assistant_home-assistant.io,4.65,5.06,6.37,1.21,3,4.32,5.65,4.28,5.2,4.84,4175,99,10874,9781
Homebrew_homebrew-cask,6.1,5.66,9.2,0,3,4.87,4.02,3.17,6.99,4.83,16675,99,22958,19694
Homebrew_homebrew-core,6.46,9.25,4.88,0,3,3.97,5.02,2.4,6.86,4.58,13778,85,18319,18114
huggingface_transformers,2.55,7.82,5.4,0.19,3,10,7.04,7.73,5.23,7.3,94144,53,3873,22426
idsb3t1_KEEP-pipeline-tests-resources,5.89,3.2,8.02,0,1,5.54,0,2.98,5.7,3.71,0,22,36,31
influxdata_telegraf,2.62,4.66,4.59,0,3,5.91,6.82,6.37,3.96,5.64,13765,94,2744,7023
IntelRealSense_librealsense,1.82,5.41,5.99,0.46,3,5.04,6.17,6.43,4.35,5.48,7396,87,1452,5607
istio_istio,4.93,7.69,8.26,0.66,3,8.18,6.44,5.88,6.87,6.75,34744,76,3889,8193
JacksonKearl_testissues,2.99,4.72,2.36,0,1,10,10,0.23,3.36,5.08,40,34,14,42
JetBrains_swot,4.35,2.87,7.13,0,3,6.78,3.13,0.93,4.78,3.7,1625,99,10192,20370
jitsi_jitsi-meet,1.98,5.86,6.83,7.27,4,6.81,6.89,5.33,3.92,5.52,20593,99,2130,7596
jlord_patchwork,4.03,6.05,7.61,0,3,6.89,4.2,2.35,5.9,4.69,1448,99,29372,56229
joomla_joomla-cms,4.61,7.25,5.78,0,3,2.36,5.69,3.78,5.88,4.51,4004,99,4195,4270
JuliaLang_julia,7.29,9.16,5.02,0,3,6.54,6.67,5.8,7.16,6.53,43071,99,9183,6805
JuliaRegistries_General,6.38,8.8,8.09,1.79,3,3.96,2.03,2.87,7.52,4.31,611,67,1202,688
Kaiserreich_Kaiserreich-4,1.61,4.73,0,0,3,2.96,7,0,2.11,2.62,183,63,24,87
keycloak_keycloak,4.33,5.13,5.8,5.86,3,10,6.44,4.26,4.31,5.86,16147,99,2864,6562
Koenkk_zigbee2mqtt,1.38,6.5,9.64,0.67,3,3.05,6.7,2.53,5.75,4.43,10014,60,746,1970
kubernetes_kubernetes,5.26,10,7.29,0,4,5.96,4.75,8.26,7.52,6.88,101062,99,15124,43198
kubernetes_minikube,1.84,4.49,8.14,0.24,3,6.96,6.37,4.17,4.79,5.35,27615,84,1857,5323
kubernetes_test-infra,9.19,5.54,9.32,0.12,3,2.63,5.32,5.11,8,5.52,3820,84,5756,2603
kubernetes_website,6.28,7.1,7.55,0.12,3,3.82,5.42,6.79,6.96,5.97,4693,86,11072,16042
kubevirt_kubevirt,7.17,5.63,6.87,0.66,3,4.41,6.13,9.47,6.47,6.89,4095,76,1906,1131
laravel_framework,2.35,5.82,8.21,0,3,4.95,4.29,3.46,5.46,4.52,29912,99,6948,20081
leanprover-community_mathlib,10,8.07,3.16,1.16,3,2.9,5.25,8.42,6.92,6.23,1564,69,4345,395
LeetCode-Feedback_LeetCode-Feedback,1.21,2.17,1.82,0,3,2.65,6.24,1.41,1.73,2.72,660,38,15,278
lensapp_lens,3.12,4.55,6.99,2.31,3,10,7.97,5.38,4.58,6.58,27648,52,611,1797
Lightning-AI_lightning,6.49,7.58,6.79,0.61,3,10,6.76,9.31,6.87,8.21,23996,49,2721,3598
llvm_llvm-project,5.24,10,4.37,6.98,3,10,6.54,2.19,5.61,5.65,20064,53,20729,8347
logseq_logseq,2.12,6.71,8.1,0.29,3,10,8.28,3.85,5.6,6.49,22095,34,642,1670
macports_macports-ports,10,7.73,8.22,0.13,3,2.85,0,3.8,8.63,4.3,1399,78,6475,2033
magento_magento2,2.26,6.25,2.67,0,3,2.71,6.09,3.34,3.73,3.88,10761,99,9483,12212
MarlinFirmware_Marlin,2,7.72,6.55,0,3,6.17,5.88,2.71,5.42,4.85,15916,99,2967,20224
mastodon_mastodon,1.96,6.85,5.55,7.26,4,10,7.67,3.34,3.82,5.68,43649,84,2376,9231
matplotlib_matplotlib,4.09,7.09,5.78,0,3,6.62,6.58,5.23,5.65,5.9,17164,99,2921,8044
matrix-org_synapse,6.51,4.13,7.76,1.72,3,7.81,6.93,7.49,5.9,6.97,11589,99,2433,2728
mattermost_mattermost-webapp,10,5.57,6.66,0,3,5.38,0,5.86,7.41,5.06,2414,67,4058,3551
mdn_content,4.27,8.48,9.9,0.97,3,10,6.99,3.44,7.42,6.66,8095,31,4907,18780
mdn_translated-content,7.53,6.43,5.78,1.07,3,8.73,7.03,3.53,6.44,6.14,1307,28,2944,7253
metabase_metabase,3.41,5.92,5.7,0,3,8.02,7.35,4.93,5.01,6.06,33650,90,1995,5175
MetaMask_eth-phishing-detect,0.99,3.03,8.15,4.41,3,3.49,10,3.54,3.47,4.8,793,68,931,828
MetaMask_metamask-extension,4.65,5.01,6.85,0.99,3,4.42,7.17,5.77,5.37,5.66,10516,81,2496,4011
metersphere_metersphere,3,4.07,10,0,3,10,8.36,3.46,5.69,6.42,9991,34,441,2380
microsoft_azuredatastudio,6.01,4.55,9.18,0,3,3.76,8.07,5.42,6.58,5.97,7667,65,2255,1059
microsoft_fluentui,5.66,5.38,8.23,0.12,3,5.08,6.93,7.26,6.41,6.5,16217,81,3559,3047
microsoft_onnxruntime,10,6.44,5.99,0,3,4.65,6.27,8.45,7.48,6.96,9147,52,5078,2337
microsoft_playwright,2.44,7.61,9.79,0,3,10,6.77,4.2,6.61,6.6,49558,39,792,2865
microsoft_PowerToys,1.64,7.97,8.58,0.64,4,10,7.46,5.92,5.98,7.06,96662,47,1216,6691
microsoft_terminal,1.32,5.81,6.32,3.09,3,10,6.86,10,4.07,7.59,96220,68,1571,10470
microsoft_TypeScript,1.6,7.28,5.37,0,3,6.37,7.11,6.29,4.75,6.01,96777,99,3322,16088
microsoft_vcpkg,3.45,6.47,6.54,0,3,5.1,7.04,5.68,5.49,5.78,19875,79,5543,7488
microsoft_vscode,0.92,8.81,5.41,0,4,4.09,7.77,3.16,5.05,4.83,47533,29,2359,12711
microsoft_vscode-jupyter,1.96,4.05,9.23,0,3,2.19,7.88,4.37,5.08,4.85,1033,29,360,243
microsoft_winget-pkgs,10,6.15,8.98,0,3,5.88,5.89,3.66,8.38,5.97,7307,35,5070,6138
microsoft_WSL,1.71,6.29,7.65,0,4,2.62,6.53,2.02,5.22,4,17068,84,112,972
MicrosoftDocs_azure-docs,2.2,6.81,6.87,0.39,4,2.6,4.69,3.14,5.24,3.97,9671,77,29366,23265
MicrosoftDocs_microsoft-365-docs,3.64,4.8,7.68,2.7,3,2.82,5.5,3.73,5.01,4.29,835,63,4778,1796
MicrosoftDocs_msteams-docs,4.18,3.96,9.21,1.21,3,1.83,5.7,4.17,5.62,4.44,276,66,1259,525
microsoftgraph_microsoft-graph-docs,5.68,4.8,7.46,1.91,3,2.48,7.06,6.73,5.73,5.65,1195,89,6166,2449
mlflow_mlflow,4.54,5.52,5.26,0,3,10,6.53,8.71,5.11,7.45,14734,58,1359,3721
mozilla-mobile_fenix,3.76,7.07,6.96,2.13,3,6.36,9.92,4.69,5.65,6.36,8014,61,1993,1578
mrdoob_three.js,3.11,8.63,6.13,0,3,10,5.86,3.55,5.96,6.02,83422,99,3591,41323
mui_material-ui,2.74,6.51,8.36,0.1,3,10,6.96,4.87,5.86,6.61,91680,99,5203,42436
mui_mui-x,4.57,3.35,9.05,0.91,3,4.19,6.88,6.28,5.54,5.76,2686,33,604,712
neovim_neovim,2.79,8.18,4.69,0,3,10,6.67,6.3,5.22,6.79,62036,99,2635,6532
newrelic_docs-website,9.78,5.12,9.23,1.25,3,3.68,6.63,3.54,7.88,5.49,130,32,2835,1201
nextcloud_desktop,2.03,4.38,7.14,0.15,3,2.2,7.03,5.78,4.5,4.93,2637,67,939,903
nextcloud_server,2.11,6.24,6.15,0,3,3.66,6.89,3.78,4.83,4.69,25102,82,3924,4812
NixOS_nixpkgs,8.14,10,5.36,0,4,2.11,6.52,4.35,7.83,5.38,12618,99,37784,13207
nodejs_node,1.79,9.54,5.44,0,3,10,5.47,1.64,5.59,5.26,104196,99,58,35223
nrfconnect_sdk-nrf,8.97,4.19,6.67,0,3,2.2,0,10,6.61,5.42,663,52,2992,1117
nrwl_nx,1.83,5.18,7.39,1.03,3,4.83,7.61,3.93,4.66,5.07,17678,68,1882,2167
nuxt_framework,2.54,5.07,7.81,1.11,3,7.15,6.94,3.86,4.99,5.47,8981,18,824,1447
o3de_o3de,8.83,5.68,7.95,0,3,8.43,8.13,8.76,7.49,8.19,6450,21,1668,2165
obsproject_obs-studio,3.3,7.25,4.67,3.03,3,10,5.96,4.5,4.67,5.94,50170,99,2052,8799
odoo_odoo,6.67,5.88,1.81,0,3,5.61,6.7,3.07,4.79,4.82,30125,99,13599,22788
open-mmlab_mmdetection,2,5.26,5.99,0.18,3,10,7.1,7.32,4.39,6.93,25381,55,1035,9945
open-telemetry_opentelemetry-collector-contrib,6.79,2.24,8.29,2.22,3,3.54,6.75,4.93,5.48,5.18,1592,45,1657,1578
OpenAPITools_openapi-generator,3.3,6.67,4.32,0,3,6.08,7.08,4.59,4.76,5.44,16192,59,3445,6149
opencv_opencv,3.25,7.83,5.26,0,3,10,7.3,6.1,5.45,6.92,71645,99,3666,67408
openhab_openhab-addons,4.54,5.01,6.3,0.51,3,3.3,6.4,10,5.22,6.51,2015,99,3237,4347
openjdk_jdk,8.54,8.12,1.72,1.09,3,10,0,6.01,5.98,5.6,16710,55,8365,5290
openjournals_joss-reviews,1.75,4.96,6.98,0.48,3,1.44,3.71,2.59,4.5,3.16,688,83,14,99
openshift_openshift-docs,6.5,4.76,6.61,0.4,3,1.49,6.32,5.86,5.9,5.09,715,99,5284,1930
openshift_release,8.37,6.83,7.82,2.6,3,2.05,4.66,3.98,7.33,4.73,269,77,7276,1450
openssl_openssl,6.34,6.67,2.26,0,3,9.81,6.46,8.74,5.09,7.4,22797,99,2807,10826
openvinotoolkit_openvino,5.72,5.41,4.04,0.19,3,5.16,5.05,8.17,5.03,6,4754,54,3183,1802
openwrt_openwrt,5.58,6.15,2.24,1.69,3,10,6.37,6.05,4.43,6.42,16115,89,4114,12210
oppia_oppia,9.34,7.09,6.04,0,3,5.41,6.48,10,7.49,7.62,5955,92,3096,4467
PaddlePaddle_Paddle,5.27,4.61,3.6,0,3,4.26,6.57,5.48,4.49,5.16,10145,35,3732,2933
PaddlePaddle_PaddleOCR,2.36,3.4,7.35,0,3,10,7.06,3.95,4.37,5.91,30992,35,677,6773
pandas-dev_pandas,3.92,7.19,6.15,0,3,7.04,6.74,8.35,5.75,6.99,37669,99,5485,19897
php_php-src,6.34,6.52,2.04,0,3,10,5.14,4.45,4.97,5.85,35117,99,3381,9456
pingcap_tidb,9.6,5.87,8.13,0.88,3,10,6.52,6.39,7.75,7.55,37021,91,4609,6830
PixelExperience_android-issues,1.35,4.37,8.33,0.42,3,2.36,6.7,0,4.63,3.2,94,24,3,70
postmanlabs_postman-app-support,1.73,4.68,6.65,0,3,1.97,7.38,0.99,4.35,3.47,4652,99,60,749
PowerShell_PowerShell,2.68,5.85,5.92,0,3,9.83,6.75,8.86,4.82,7.42,43175,80,1671,7856
ppy_osu,4.09,6.05,7.07,1.46,3,9.69,6.67,5.61,5.54,6.62,13760,96,1613,3825
PrestaShop_PrestaShop,5.72,4.15,5.28,0,3,4.97,6.45,6.72,5.05,5.82,7931,99,3765,5930
prisma_prisma,2.01,5.98,6.82,0.22,3,8.11,7.69,4.23,4.91,5.9,31951,46,783,1426
project-chip_connectedhomeip,10,6.79,8.71,0,3,6.21,6.88,6.64,8.5,7.16,6009,33,2355,1564
prusa3d_PrusaSlicer,1.58,4.96,2.71,0.82,3,3.27,7.3,1.93,2.97,3.58,6422,85,849,1556
python_cpython,6.36,9.2,4.46,0,3,10,6.05,4.05,6.67,6.43,58655,74,6240,36263
pytorch_pytorch,7.29,7.96,2.87,0,4,7.54,6.75,5.78,6.04,6.4,71080,75,16000,22920
qbittorrent_qBittorrent,1.42,6.92,6.89,0,3,3.95,7.05,10,5.08,6.72,21363,99,1155,3462
qgis_QGIS,7.19,6.42,7.15,0.2,3,4.02,6.57,4.76,6.89,5.61,7161,99,4123,2905
qmk_qmk-firmware,5.66,5.95,6.79,1.11,3,10,6.06,7.52,5.99,7.26,15560,99,7503,35776
quarkusio_quarkus,5.29,7.07,8.4,0,3,4.29,6.61,6.4,6.92,6.18,12449,49,3620,2795
rails_rails,3.24,8.42,4.37,0,3,6.1,6.27,5.26,5.34,5.65,39325,99,8045,21034
rancher_rancher,2.24,6.21,5.55,0.4,3,4.32,8.02,4.93,4.61,5.33,22049,99,2056,3460
rapid7_metasploit-framework,5.71,6,6.05,0,3,10,6.67,7.79,5.92,7.45,30548,99,3673,13890
ray-project_ray,7.15,7.8,6.99,1.54,3,10,6.84,8.25,7.11,7.98,27132,78,3390,5242
raycast_extensions,4.65,6.35,7.66,0,3,4.65,6.18,4.89,6.22,5.5,3386,18,1586,1831
redis_redis,2.33,6.68,2.91,0,3,10,6.91,6.59,3.97,6.55,55790,99,1700,18477
Regalis11_Barotrauma,2.15,4.01,4,2.14,3,3.82,8.73,2.24,3.1,4.11,1370,70,247,505
remix-run_remix,3.31,6.65,4.8,0,3,10,6.37,3.94,4.92,5.93,23229,17,1061,2295
renovatebot_renovate,4.7,6.59,8.94,1.47,3,6.27,6.84,5.97,6.55,6.38,12165,75,2001,1972
RocketChat_Rocket.Chat,2.22,6.36,5.07,0.11,3,8.27,7.41,4.81,4.54,5.94,39806,95,4231,11808
RPCS3_rpcs3,2.42,6.49,8.59,1.11,3,5.8,6.43,5.22,5.69,5.72,12776,99,1367,3814
rstudio_rstudio,1.87,4.4,9.47,3.33,3,7.73,7.09,4.91,4.8,5.88,3855,99,1366,1249
ruffle-rs_ruffle,1.54,5.06,8.98,3.48,3,10,8.35,3.03,4.73,6,12989,46,553,809
rust-lang_rust,5.47,10,6.98,0,4,5.42,6.48,6.26,7.48,6.5,83278,99,14712,13971
scikit-learn_scikit-learn,4.74,7.5,4.72,0,3,10,6.15,10,5.65,7.93,55800,99,4787,28948
scipy_scipy,4.27,7.11,5.8,0,3,4.98,6.64,9.03,5.73,6.75,10941,99,3385,6520
section-engineering-education_engineering-education,6.85,4.91,6.36,4.55,3,10,5.68,7.69,5.43,7.07,552,44,2154,1376
SerenityOS_serenity,9.43,7.28,8.69,0.38,3,10,6.68,5.82,8.42,7.61,27842,52,2756,3899
ShadowMario_FNF-PsychEngine,1.93,5.76,3.32,0.95,3,4.75,5.23,2.3,3.54,3.75,979,21,102,2306
Skyrat-SS13_Skyrat-tg,9.44,5.13,8.32,0.61,3,2.08,6.41,3.99,7.55,5.16,135,33,1368,844
solana-labs_solana,10,7.2,7.16,2.58,3,8.11,6.79,4.89,7.78,6.78,11276,62,2103,3211
solana-labs_token-list,6.33,10,3.96,6.43,4,10,5.34,2.34,5.91,5.54,1644,28,9433,25523
sourcegraph_sourcegraph,10,7.38,6.7,1.45,3,10,7.96,5.26,7.83,7.52,13559,69,3618,1579
spack_spack,9.74,5.82,4.98,1.41,3,2.74,6.71,5.74,6.66,5.61,3540,99,8377,2625
spyder-ide_spyder,1.38,5.16,7.04,0.1,3,3.45,6.75,6.17,4.51,5.24,8668,98,1033,2109
storybookjs_storybook,1.88,7.96,6.08,0.47,3,10,6.87,4.17,5.24,6.2,83616,85,3972,10691
strapi_strapi,1.98,6.2,7.17,3.08,3,10,6.55,4.89,4.71,6.19,56816,91,2679,8896
sveltejs_kit,2.58,6.82,9,0,3,7.27,6.18,4.7,6.13,5.94,14363,25,893,1697
symfony_symfony,3.21,6.55,5.88,0,3,4.2,6.39,6.38,5.21,5.6,23679,99,6365,10907
systemd_systemd,3.07,6.38,6.57,0.31,3,3.53,6.68,6.56,5.3,5.6,12254,97,4532,4644
tachiyomiorg_tachiyomi,1.21,4.8,6.72,0,3,9.69,7.89,4.6,4.24,6.17,23616,75,655,3102
tachiyomiorg_tachiyomi-extensions,1.87,4.92,8.81,2.27,3,3.31,8.54,3.8,4.9,4.98,2833,75,1379,1857
tailscale_tailscale,3.97,5.32,9.31,0,3,9.47,7.08,6.94,6.2,7.25,11461,38,752,873
taosdata_TDengine,7.94,4.73,9.91,0,3,10,7.08,3.21,7.53,6.64,22529,45,1954,5198
taozhiyu_TyProAction,1.4,5.59,4.44,2,4,10,7.89,0.58,3.54,4.81,844,5,7,252
TeamNewPipe_NewPipe,2.24,6.48,6.48,2.09,3,7.49,6.78,5.96,4.79,6.08,26354,91,2327,3745
tensorflow_tensorflow,2.26,9.67,4.94,0,4,10,6.28,5.33,5.62,6.54,202349,89,16806,107854
termux_termux-packages,1.92,5.6,7.09,0.43,3,5.43,7.14,3.34,4.81,4.96,11692,94,1641,3773
tgstation_tgstation,6.23,8.79,8.12,0,3,2.12,6.54,4.7,7.71,5.46,1834,99,7834,6612
TP-Lab_tokens,4.1,3.69,6.89,0,3,5.92,2.93,3.2,4.89,4.2,391,23,3637,7293
trinodb_trino,8.45,6.45,5.19,0.2,3,5.68,6.78,10,6.67,7.49,7857,51,2199,2622
trustwallet_assets,2.97,7.05,5.63,0.91,4,9.44,2.76,2.26,5.1,4.65,4358,44,4964,22344
type-challenges_type-challenges,2.45,6.93,8.53,0.32,3,10,10,3.65,5.93,6.87,32275,31,402,3710
uBlockOrigin_uAssets,2.06,6.97,8.04,0.95,3,2.71,4.65,2.32,5.56,3.84,2753,84,778,969
Ultimaker_Cura,1.82,4.7,5.58,0.95,3,2.54,5.87,5.56,3.91,4.52,5099,95,1998,2282
ultralytics_yolov5,1.34,8.25,6.73,0.29,3,10,7.02,3.03,5.4,5.93,39168,35,567,15268
unifyai_ivy,4.64,8.41,4.62,1.11,3,10,7.55,1.9,5.74,5.8,10740,27,1544,6250
ValveSoftware_Dota2-Gameplay,1.34,6.31,2.15,0,4,2.39,8.48,0.3,3.27,3.24,1015,10,5,42
ValveSoftware_Proton,1.67,8.54,4.04,0,3,3.04,6.02,2.29,4.75,3.92,20828,56,288,1098
vectordotdev_vector,10,5.62,7.47,0,3,10,7.1,7,7.7,7.83,13448,45,1429,1205
vercel_next.js,1.31,9.29,6.2,0,4,10,6.74,4.39,5.6,6.34,114509,78,5156,33756
vitejs_vite,1.71,9.38,5.29,0.28,3,10,6.94,4.78,5.42,6.45,56732,36,1558,6053
void-linux_void-packages,7.67,7.13,4.55,0,3,2.74,6.51,3.35,6.45,4.79,2321,58,6031,3421
webcompat_web-bugs,1.61,5.32,6.59,0.1,3,2.7,8.81,0.28,4.49,3.73,661,99,24,181
wjz304_Redpill-CustomBuild,1.77,8.27,7.3,1.11,4,3.68,7.68,0.42,5.63,4.09,1003,9,17,575
woocommerce_woocommerce,1.9,5.32,5.78,0,3,4.13,6.43,4.14,4.33,4.65,8021,99,4577,12775
WordPress_gutenberg,8.39,8.09,4.67,0.54,3,2.88,6.75,7.37,6.98,6.23,9598,74,10273,4523
xamarin_xamarin-macios,6.87,5.85,9.8,0.95,3,5.55,6.4,4.6,7.38,5.98,2587,84,1418,614
xbmc_xbmc,6.72,7.37,6.59,0,3,6.34,5.24,5.15,6.89,5.93,14189,99,4139,6107
yt-dlp_yt-dlp,2.62,8.03,5.73,0.33,3,10,6.22,9.76,5.42,7.8,46139,30,850,5072
yuzu-emu_yuzu,4.43,6.16,7.09,0.16,3,10,7.05,5.26,5.87,6.75,26465,63,1221,3619
zephyrproject-rtos_zephyr,7.41,7.01,5.53,0.48,3,6.99,6.6,8.35,6.59,7.2,8143,83,9485,5814
zero-to-mastery_start-here-guidelines,4.69,5.66,7.85,0.32,3,6.66,2.92,2.63,6.02,4.51,2342,63,14623,20135
ziglang_zig,4.53,7.97,7.07,3.11,3,10,7.68,4.68,6.11,6.77,22513,90,2501,2208
zulip_zulip,6.44,5.98,4.21,0,3,9.26,5.71,5.51,5.54,6.31,19342,91,3308,8536
